Oracle Item Number,Item Description,unit_of_measure,Deliver To,lead_time,burn_rate,Stock Units Analytical
00033,Tube Blood Collection K2EDTA Vacutainer Lavender 4ml,Each,Level 3 Central Lab,5.34,167.58,9932.0
00120,Cold Pack Reuse LF,Each,Level 2 Surgery/Procedures/PACU,1.0,4.0,4.0
00120,Cold Pack Reuse LF,Each,"Level 5 Observation, Medical Tele & Non-Tele",1.0,84.0,113.0
00120,Cold Pack Reuse LF,Each,Perpetual,1.0,9.0,92.0
00167,Hot Pack Instant Disposable Lf Medium 6 Inch X 7.5 Inch,Each,Level 1 ED,0.34,9.8,94.0
00167,Hot Pack Instant Disposable Lf Medium 6 Inch X 7.5 Inch,Each,Level 2 Surgery/Procedures/PACU,0.34,0.32,9.0
00167,Hot Pack Instant Disposable Lf Medium 6 Inch X 7.5 Inch,Each,Level 2 Surgery/Procedures/PACU,0.34,0.44,4.0
00167,Hot Pack Instant Disposable Lf Medium 6 Inch X 7.5 Inch,Each,"Level 5 Observation, Medical Tele & Non-Tele",0.34,16.84,74.0
00167,Hot Pack Instant Disposable Lf Medium 6 Inch X 7.5 Inch,Each,"Level 5 Observation, Medical Tele & Non-Tele",0.34,17.46,56.0
00167,Hot Pack Instant Disposable Lf Medium 6 Inch X 7.5 Inch,Each,"Level 6 Telemetry, Cardiac & Stroke",0.34,20.88,79.0
00167,Hot Pack Instant Disposable Lf Medium 6 Inch X 7.5 Inch,Each,Level 7 ICU,0.34,5.28,33.0
00169,Pack Cold 6x10in,Each,Level 1 ED,0.66,53.0,53.0
00169,Pack Cold 6x10in,Each,Level 2 Surgery/Procedures/PACU,0.66,2.0,2.0
00169,Pack Cold 6x10in,Each,Perpetual,0.66,7.0,47.0
00230,Extractor Staple Skin,Each,Level 1 ED,1.0,4.0,4.0
00230,Extractor Staple Skin,Each,Level 2 Surgery/Procedures/PACU,1.0,4.0,4.0
00230,Extractor Staple Skin,Each,"Level 5 Observation, Medical Tele & Non-Tele",1.0,3.0,3.0
00230,Extractor Staple Skin,Each,"Level 6 Telemetry, Cardiac & Stroke",1.0,2.0,2.0
00230,Extractor Staple Skin,Each,Level 7 ICU,1.0,2.0,2.0
00230,Extractor Staple Skin,Each,Perpetual,1.0,0.0,6.0
00233,Sanitizer Hand Purell With Pump 12oz,Each,Level 1 EVS_1321,0.5,1.06,19.0
00235,Pad Alcohol Med Iso 70% Strl,Each,Level 1 ED,0.34,1613.0,1613.0
00235,Pad Alcohol Med Iso 70% Strl,Each,Level 2 Surgery/Procedures/PACU,0.34,623.0,646.0
00235,Pad Alcohol Med Iso 70% Strl,Each,Level 3 Central Lab,0.34,28500.0,28500.0
00235,Pad Alcohol Med Iso 70% Strl,Each,"Level 5 Observation, Medical Tele & Non-Tele",0.34,2505.0,2505.0
00235,Pad Alcohol Med Iso 70% Strl,Each,"Level 6 Telemetry, Cardiac & Stroke",0.34,2411.0,2411.0
00235,Pad Alcohol Med Iso 70% Strl,Each,Level 7 ICU,0.34,1278.0,1278.0
00235,Pad Alcohol Med Iso 70% Strl,Each,Perpetual,0.34,1330.0,1518.0
00262,Swabstick Prep Skin Povidone Iodine 10%,Each,Level 1 ED,7.5,90.0,129.0
00262,Swabstick Prep Skin Povidone Iodine 10%,Each,Level 1 Imaging,7.5,75.0,75.0
00262,Swabstick Prep Skin Povidone Iodine 10%,Each,Level 2 Surgery/Procedures/PACU,7.5,75.0,113.0
00262,Swabstick Prep Skin Povidone Iodine 10%,Each,"Level 5 Observation, Medical Tele & Non-Tele",7.5,81.0,237.0
00262,Swabstick Prep Skin Povidone Iodine 10%,Each,"Level 6 Telemetry, Cardiac & Stroke",7.5,75.0,145.0
00262,Swabstick Prep Skin Povidone Iodine 10%,Each,Level 7 ICU,7.5,300.0,1165.0
00262,Swabstick Prep Skin Povidone Iodine 10%,Each,Perpetual,7.5,6.0,296.0
00264,Marker Skin Reg Tip Ruler Lbl,Each,Level 1 Imaging,0.5,0.06,5.0
00264,Marker Skin Reg Tip Ruler Lbl,Each,Level 2 Surgery/Procedures/PACU,0.5,1.06,11.0
00264,Marker Skin Reg Tip Ruler Lbl,Each,Level 2 Surgery/Procedures/PACU,0.5,0.0,1.0
00264,Marker Skin Reg Tip Ruler Lbl,Each,Level 7 ICU,0.5,0.16,5.0
00282,Bag Emesis Hygenic Vomit Collection,Each,Level 1 Imaging,2.34,0.06,9.0
00282,Bag Emesis Hygenic Vomit Collection,Each,Level 2 Surgery/Procedures/PACU,2.34,4.16,123.0
00282,Bag Emesis Hygenic Vomit Collection,Each,"Level 5 Observation, Medical Tele & Non-Tele",2.34,5.2,156.0
00282,Bag Emesis Hygenic Vomit Collection,Each,"Level 5 Observation, Medical Tele & Non-Tele",2.34,5.8,127.0
00282,Bag Emesis Hygenic Vomit Collection,Each,"Level 6 Telemetry, Cardiac & Stroke",2.34,6.72,240.0
00282,Bag Emesis Hygenic Vomit Collection,Each,Level 7 ICU,2.34,2.18,95.0
00346,Paper Table 21in Exam,Roll,Level 3 Central Lab,0.5,0.0,1.0
00378,Bandaid Adhesive Strip Flexible Fabric LF NS 0.75 X 3 In,Each,Level 1 ED,1.0,452.0,575.0
00378,Bandaid Adhesive Strip Flexible Fabric LF NS 0.75 X 3 In,Each,Level 2 Surgery/Procedures/PACU,1.0,156.0,187.0
00378,Bandaid Adhesive Strip Flexible Fabric LF NS 0.75 X 3 In,Each,"Level 5 Observation, Medical Tele & Non-Tele",1.0,263.0,371.0
00378,Bandaid Adhesive Strip Flexible Fabric LF NS 0.75 X 3 In,Each,"Level 6 Telemetry, Cardiac & Stroke",1.0,204.0,215.0
00378,Bandaid Adhesive Strip Flexible Fabric LF NS 0.75 X 3 In,Each,Level 7 ICU,1.0,175.0,175.0
00378,Bandaid Adhesive Strip Flexible Fabric LF NS 0.75 X 3 In,Each,Perpetual,1.0,84.0,197.0
00380,Tape Paper 1in Micropore LF,Each,Level 1 ED,0.5,1.34,17.0
00380,Tape Paper 1in Micropore LF,Each,Level 1 Imaging,0.5,0.42,14.0
00380,Tape Paper 1in Micropore LF,Each,Level 2 Surgery/Procedures/PACU,0.5,2.12,16.0
00380,Tape Paper 1in Micropore LF,Each,Level 2 Surgery/Procedures/PACU,0.5,0.66,8.0
00380,Tape Paper 1in Micropore LF,Each,Level 3 Central Lab,0.5,26.38,661.0
00380,Tape Paper 1in Micropore LF,Each,"Level 5 Observation, Medical Tele & Non-Tele",0.5,4.6,43.0
00380,Tape Paper 1in Micropore LF,Each,"Level 5 Observation, Medical Tele & Non-Tele",0.5,2.82,24.0
00380,Tape Paper 1in Micropore LF,Each,"Level 6 Telemetry, Cardiac & Stroke",0.5,3.98,41.0
00380,Tape Paper 1in Micropore LF,Each,Level 7 ICU,0.5,0.52,9.0
00386,Drsg Tegaderm Sterile 4x4.75in Transpar,Each,Level 1 ED,0.5,56.0,56.0
00386,Drsg Tegaderm Sterile 4x4.75in Transpar,Each,Level 1 Imaging,0.5,45.0,45.0
00386,Drsg Tegaderm Sterile 4x4.75in Transpar,Each,Level 2 Surgery/Procedures/PACU,0.5,44.0,44.0
00386,Drsg Tegaderm Sterile 4x4.75in Transpar,Each,"Level 5 Observation, Medical Tele & Non-Tele",0.5,84.0,96.0
00386,Drsg Tegaderm Sterile 4x4.75in Transpar,Each,"Level 6 Telemetry, Cardiac & Stroke",0.5,38.0,38.0
00386,Drsg Tegaderm Sterile 4x4.75in Transpar,Each,Level 7 ICU,0.5,42.0,42.0
00386,Drsg Tegaderm Sterile 4x4.75in Transpar,Each,Perpetual,0.5,28.0,51.0
00454,Gas for Non-Research Gas Air Compressed E,Cylinder,Respiratory Therapy,14.0,0.12,32.0
00456,Gas Medical Oxygen Size E Cylinder,Cylinder,Respiratory Therapy,14.0,0.08,21.0
00458,Gas for Non-Research Gas Nirtrogen H Size Cylinder,Cylinder,Respiratory Therapy,14.0,0.16,39.0
00462,Gas for Non-Research CO2 Cylinder E Tank,Cylinder,Respiratory Therapy,14.0,0.54,135.0
00535,Glove Exam Non-Sterile Sm Nitrile PF LF,Each,Level 1 ED,0.34,3590.0,3590.0
00535,Glove Exam Non-Sterile Sm Nitrile PF LF,Each,Level 2 Surgery/Procedures/PACU,0.34,1335.0,1335.0
00535,Glove Exam Non-Sterile Sm Nitrile PF LF,Each,"Level 5 Observation, Medical Tele & Non-Tele",0.34,2118.0,2319.0
00535,Glove Exam Non-Sterile Sm Nitrile PF LF,Each,"Level 6 Telemetry, Cardiac & Stroke",0.34,2238.0,2238.0
00535,Glove Exam Non-Sterile Sm Nitrile PF LF,Each,Level 7 ICU,0.34,1597.0,1597.0
00535,Glove Exam Non-Sterile Sm Nitrile PF LF,Each,Perpetual,0.34,1179.0,7844.0
00536,Glove Exam Non-Sterile Med Nitrile PF LF,Each,Level 1 ED,0.66,4292.0,4292.0
00536,Glove Exam Non-Sterile Med Nitrile PF LF,Each,Level 2 Surgery/Procedures/PACU,0.66,1641.0,2237.0
00536,Glove Exam Non-Sterile Med Nitrile PF LF,Each,"Level 5 Observation, Medical Tele & Non-Tele",0.66,3382.0,5449.0
00536,Glove Exam Non-Sterile Med Nitrile PF LF,Each,"Level 6 Telemetry, Cardiac & Stroke",0.66,3148.0,3148.0
00536,Glove Exam Non-Sterile Med Nitrile PF LF,Each,Level 7 ICU,0.66,2195.0,2195.0
00536,Glove Exam Non-Sterile Med Nitrile PF LF,Each,Perpetual,0.66,1612.0,15193.0
00537,Glove Exam Non-Sterile Lg Nitrile PF LF,Each,Level 1 ED,0.34,2529.0,2529.0
00537,Glove Exam Non-Sterile Lg Nitrile PF LF,Each,Level 2 Surgery/Procedures/PACU,0.34,884.0,926.0
00537,Glove Exam Non-Sterile Lg Nitrile PF LF,Each,"Level 5 Observation, Medical Tele & Non-Tele",0.34,1410.0,1410.0
00537,Glove Exam Non-Sterile Lg Nitrile PF LF,Each,"Level 6 Telemetry, Cardiac & Stroke",0.34,2040.0,2040.0
00537,Glove Exam Non-Sterile Lg Nitrile PF LF,Each,Level 7 ICU,0.34,1647.0,1647.0
00537,Glove Exam Non-Sterile Lg Nitrile PF LF,Each,Perpetual,0.34,843.0,5924.0
00555,Syringe  LL LF STR 10ml,Each,Level 1 ED,0.5,74.0,74.0
00555,Syringe  LL LF STR 10ml,Each,Level 1 Imaging,0.5,109.0,109.0
00555,Syringe  LL LF STR 10ml,Each,Level 2 Surgery/Procedures/PACU,0.5,304.0,304.0
00555,Syringe  LL LF STR 10ml,Each,"Level 5 Observation, Medical Tele & Non-Tele",0.5,70.0,77.0
00555,Syringe  LL LF STR 10ml,Each,"Level 6 Telemetry, Cardiac & Stroke",0.5,57.0,57.0
00555,Syringe  LL LF STR 10ml,Each,Level 7 ICU,0.5,82.0,82.0
00555,Syringe  LL LF STR 10ml,Each,Perpetual,0.5,87.0,155.0
00565,Ndl Hypo 18gx1.5in Safety Glide,Each,Level 1 ED,0.66,108.0,113.0
00565,Ndl Hypo 18gx1.5in Safety Glide,Each,Level 1 Imaging,0.66,100.0,100.0
00565,Ndl Hypo 18gx1.5in Safety Glide,Each,Level 2 Surgery/Procedures/PACU,0.66,14.0,14.0
00565,Ndl Hypo 18gx1.5in Safety Glide,Each,"Level 5 Observation, Medical Tele & Non-Tele",0.66,71.0,91.0
00565,Ndl Hypo 18gx1.5in Safety Glide,Each,"Level 6 Telemetry, Cardiac & Stroke",0.66,58.0,61.0
00565,Ndl Hypo 18gx1.5in Safety Glide,Each,Level 7 ICU,0.66,86.0,86.0
00565,Ndl Hypo 18gx1.5in Safety Glide,Each,Perpetual,0.66,33.0,102.0
00589,Battery Alk Procell Size 9V,Each,Level 2 Surgery/Procedures/PACU,1.0,12.0,12.0
00589,Battery Alk Procell Size 9V,Each,"Level 5 Observation, Medical Tele & Non-Tele",1.0,31.0,41.0
00589,Battery Alk Procell Size 9V,Each,"Level 6 Telemetry, Cardiac & Stroke",1.0,27.0,31.0
00589,Battery Alk Procell Size 9V,Each,Level 7 ICU,1.0,51.0,57.0
00589,Battery Alk Procell Size 9V,Each,Perpetual,1.0,6.0,132.0
00592,Battery Alk Procell 1.5V AA,Each,Level 2 Surgery/Procedures/PACU,0.5,40.0,40.0
00592,Battery Alk Procell 1.5V AA,Each,"Level 5 Observation, Medical Tele & Non-Tele",0.5,31.0,31.0
00592,Battery Alk Procell 1.5V AA,Each,"Level 6 Telemetry, Cardiac & Stroke",0.5,58.0,58.0
00592,Battery Alk Procell 1.5V AA,Each,Level 7 ICU,0.5,312.0,312.0
00592,Battery Alk Procell 1.5V AA,Each,Perpetual,0.5,7.0,129.0
00670,Drsg Gz 4x4in Spng STR 4 Ply Versalon,Pack,Level 1 ED,0.5,13.0,13.0
00670,Drsg Gz 4x4in Spng STR 4 Ply Versalon,Pack,Level 2 Surgery/Procedures/PACU,0.5,42.0,60.0
00670,Drsg Gz 4x4in Spng STR 4 Ply Versalon,Pack,"Level 5 Observation, Medical Tele & Non-Tele",0.5,157.0,157.0
00670,Drsg Gz 4x4in Spng STR 4 Ply Versalon,Pack,"Level 6 Telemetry, Cardiac & Stroke",0.5,114.0,114.0
00670,Drsg Gz 4x4in Spng STR 4 Ply Versalon,Pack,Level 7 ICU,0.5,83.0,83.0
00670,Drsg Gz 4x4in Spng STR 4 Ply Versalon,Pack,Perpetual,0.5,40.0,214.0
00677,Drsg Gz 2 X 2 In Spng 4 Ply Versln Strl,Each,Level 1 ED,3.34,100.0,159.0
00677,Drsg Gz 2 X 2 In Spng 4 Ply Versln Strl,Each,Level 2 Surgery/Procedures/PACU,3.34,173.0,571.0
00677,Drsg Gz 2 X 2 In Spng 4 Ply Versln Strl,Each,"Level 5 Observation, Medical Tele & Non-Tele",3.34,824.0,1467.0
00677,Drsg Gz 2 X 2 In Spng 4 Ply Versln Strl,Each,"Level 6 Telemetry, Cardiac & Stroke",3.34,404.0,822.0
00677,Drsg Gz 2 X 2 In Spng 4 Ply Versln Strl,Each,Level 7 ICU,3.34,292.0,484.0
00677,Drsg Gz 2 X 2 In Spng 4 Ply Versln Strl,Each,Perpetual,3.34,226.0,1822.0
00678,Tray Instrument Gen Purp,Each,Level 1 Imaging,0.5,10.0,10.0
00678,Tray Instrument Gen Purp,Each,"Level 5 Observation, Medical Tele & Non-Tele",0.5,9.0,9.0
00678,Tray Instrument Gen Purp,Each,"Level 6 Telemetry, Cardiac & Stroke",0.5,5.0,6.0
00678,Tray Instrument Gen Purp,Each,Level 7 ICU,0.5,8.0,8.0
00678,Tray Instrument Gen Purp,Each,Perpetual,0.5,2.0,121.0
00680,Bandage Elastic NS 4x54in,Each,Level 1 ED,0.5,5.0,5.0
00680,Bandage Elastic NS 4x54in,Each,Level 2 Surgery/Procedures/PACU,0.5,15.0,15.0
00680,Bandage Elastic NS 4x54in,Each,"Level 5 Observation, Medical Tele & Non-Tele",0.5,5.0,7.0
00680,Bandage Elastic NS 4x54in,Each,Perpetual,0.5,2.0,14.0
00681,Bandage Elastic NS 3x54in,Each,Level 1 ED,1.0,7.0,9.0
00681,Bandage Elastic NS 3x54in,Each,Level 2 Surgery/Procedures/PACU,1.0,8.0,8.0
00681,Bandage Elastic NS 3x54in,Each,"Level 5 Observation, Medical Tele & Non-Tele",1.0,5.0,11.0
00681,Bandage Elastic NS 3x54in,Each,Perpetual,1.0,1.0,19.0
00779,Bag Specimen Urine Ped 24hr,Each,Level 1 ED,14.0,0.04,8.0
00983,Cover Probe Thermometer Suretemp Non-Sterile,Each,Level 1 ED,0.5,748.0,748.0
00983,Cover Probe Thermometer Suretemp Non-Sterile,Each,Level 2 Surgery/Procedures/PACU,0.5,48.0,48.0
00983,Cover Probe Thermometer Suretemp Non-Sterile,Each,"Level 5 Observation, Medical Tele & Non-Tele",0.5,1616.0,1616.0
00983,Cover Probe Thermometer Suretemp Non-Sterile,Each,"Level 6 Telemetry, Cardiac & Stroke",0.5,1050.0,1050.0
00983,Cover Probe Thermometer Suretemp Non-Sterile,Each,Level 7 ICU,0.5,199.0,199.0
00983,Cover Probe Thermometer Suretemp Non-Sterile,Each,Perpetual,0.5,440.0,841.0
01077,Syringe Saline Flush STR 0.9% 10ml Prefilled,Each,Level 1 ED,3.0,525.0,1277.0
01077,Syringe Saline Flush STR 0.9% 10ml Prefilled,Each,Level 2 Surgery/Procedures/PACU,3.0,62.0,132.0
01077,Syringe Saline Flush STR 0.9% 10ml Prefilled,Each,"Level 5 Observation, Medical Tele & Non-Tele",3.0,351.0,912.0
01077,Syringe Saline Flush STR 0.9% 10ml Prefilled,Each,"Level 6 Telemetry, Cardiac & Stroke",3.0,222.0,484.0
01077,Syringe Saline Flush STR 0.9% 10ml Prefilled,Each,Level 7 ICU,3.0,201.0,402.0
01077,Syringe Saline Flush STR 0.9% 10ml Prefilled,Each,Perpetual,3.0,132.0,3897.0
01111,Holder Tube Single Use Non-Stackable,Each,Level 3 Central Lab,0.5,115.38,2397.0
4105,,Unknown,,3.0,0.0,
27951,Battery Alk Procell Size AAA 1.5V,Each,Level 2 Surgery/Procedures/PACU,0.5,24.0,24.0
27951,Battery Alk Procell Size AAA 1.5V,Each,"Level 5 Observation, Medical Tele & Non-Tele",0.5,30.0,30.0
27951,Battery Alk Procell Size AAA 1.5V,Each,Perpetual,0.5,2.0,124.0
30025,Spirometer Incent Triflow II,Each,Level 2 Surgery/Procedures/PACU,0.5,1.48,9.0
30025,Spirometer Incent Triflow II,Each,Respiratory Therapy,0.5,6.16,63.0
30038,Cuff BP Med Adult 1 Tube Vinyl LF,Each,Level 1 ED,0.5,1187.0,1187.0
30038,Cuff BP Med Adult 1 Tube Vinyl LF,Each,Level 2 Surgery/Procedures/PACU,0.5,155.0,155.0
30038,Cuff BP Med Adult 1 Tube Vinyl LF,Each,"Level 5 Observation, Medical Tele & Non-Tele",0.5,75.0,75.0
30038,Cuff BP Med Adult 1 Tube Vinyl LF,Each,"Level 6 Telemetry, Cardiac & Stroke",0.5,56.0,56.0
30038,Cuff BP Med Adult 1 Tube Vinyl LF,Each,Level 7 ICU,0.5,33.0,33.0
30038,Cuff BP Med Adult 1 Tube Vinyl LF,Each,Perpetual,0.5,207.0,207.0
30039,Cuff BP Large Adult 1 Tube Vinyl LF,Each,Level 1 ED,0.66,111.0,111.0
30039,Cuff BP Large Adult 1 Tube Vinyl LF,Each,Level 2 Surgery/Procedures/PACU,0.66,10.0,10.0
30039,Cuff BP Large Adult 1 Tube Vinyl LF,Each,"Level 5 Observation, Medical Tele & Non-Tele",0.66,5.0,8.0
30039,Cuff BP Large Adult 1 Tube Vinyl LF,Each,"Level 6 Telemetry, Cardiac & Stroke",0.66,8.0,8.0
30039,Cuff BP Large Adult 1 Tube Vinyl LF,Each,Level 7 ICU,0.66,5.0,5.0
30039,Cuff BP Large Adult 1 Tube Vinyl LF,Each,Perpetual,0.66,18.0,18.0
715112,Label Covers Medi-cup Blist Oval Blue 25 Dose,Pack,Level 2 Pharm,14.0,0.02,4.0
30234,Solution Bitrex Fit Test,Case,Perpetual,13.5,0.0,0.0
30328,Underpad Quilted MVP White,Each,Level 1 ED,0.5,88.0,88.0
30328,Underpad Quilted MVP White,Each,Level 2 Surgery/Procedures/PACU,0.5,82.0,82.0
30328,Underpad Quilted MVP White,Each,"Level 5 Observation, Medical Tele & Non-Tele",0.5,645.0,683.0
30328,Underpad Quilted MVP White,Each,"Level 6 Telemetry, Cardiac & Stroke",0.5,283.0,317.0
30328,Underpad Quilted MVP White,Each,Level 7 ICU,0.5,97.0,97.0
30328,Underpad Quilted MVP White,Each,Perpetual,0.5,128.0,740.0
30404,Gas for Non-Research Gas Medical Air H,Cylinder,Respiratory Therapy,14.0,0.06,16.0
30405,Nitrous Oxide Medical 56 Pound Cylinder,Cylinder,Respiratory Therapy,14.0,0.18,48.0
30677,Gas for Non-Research O2 Cylinder E Tank Non-Ferrous,Cylinder,Respiratory Therapy,14.0,0.0,2.0
30781,Deodorizer Odor Elim 1oz Carrafree,Each,Level 1 ED,0.5,14.0,14.0
30781,Deodorizer Odor Elim 1oz Carrafree,Each,"Level 5 Observation, Medical Tele & Non-Tele",0.5,9.0,13.0
30781,Deodorizer Odor Elim 1oz Carrafree,Each,"Level 6 Telemetry, Cardiac & Stroke",0.5,22.0,22.0
30781,Deodorizer Odor Elim 1oz Carrafree,Each,Level 7 ICU,0.5,5.0,5.0
30781,Deodorizer Odor Elim 1oz Carrafree,Each,Perpetual,0.5,4.0,21.0
00555,Syringe  LL LF STR 10ml,Each,Level 2 Pharm,0.5,83.0,83.0
30844,Swab Chloraprep 3ml,Each,Level 1 ED,0.76,56.0,57.0
30844,Swab Chloraprep 3ml,Each,Level 2 Surgery/Procedures/PACU,0.76,29.0,31.0
30844,Swab Chloraprep 3ml,Each,"Level 5 Observation, Medical Tele & Non-Tele",0.76,19.0,29.0
30844,Swab Chloraprep 3ml,Each,"Level 6 Telemetry, Cardiac & Stroke",0.76,25.0,28.0
30844,Swab Chloraprep 3ml,Each,Level 7 ICU,0.76,42.0,49.0
30844,Swab Chloraprep 3ml,Each,Perpetual,0.76,19.0,20.0
30847,Wipe Sani Cloth,Each,Level 1 ED,0.34,4201.0,4201.0
30847,Wipe Sani Cloth,Each,Level 2 Surgery/Procedures/PACU,0.34,2336.0,2336.0
30847,Wipe Sani Cloth,Each,"Level 5 Observation, Medical Tele & Non-Tele",0.34,2244.0,2244.0
30847,Wipe Sani Cloth,Each,"Level 6 Telemetry, Cardiac & Stroke",0.34,1710.0,1710.0
30847,Wipe Sani Cloth,Each,Level 7 ICU,0.34,1650.0,1650.0
30847,Wipe Sani Cloth,Each,Perpetual,0.34,1598.0,6821.0
30860,Tissue Facial Kleenex Large 9 x 8in,Each,Level 1 EVS_1321,1.0,1.9,45.0
32010,Kit Pleurx Drainage,Each,Perpetual,9.0,0.0,6.0
40064,,Unknown,,5.5,0.0,
76631,Kit Peg G-Tube Pull Single Use Feeding Standard 20fr,Each,Level 2 Surgery/Procedures/PACU,14.0,0.02,4.0
81652,Suture Ethl 18in 7-0 P6 Bk,Each,Level 1 ED,14.0,0.06,21.0
82850,Chair Aeron with Arms Black Clr Seat Angle Tilt Lim,Each,Level 2 Surgery/Procedures/PACU,26.5,0.0,2.0
605852,Fltr Air Rear Pnl Sta Sys,Each,Level 3 Central Lab,14.0,0.0,2.0
608304,Screw Cann 4x26mm Ln Thrd Ss,Each,Level 2 Surgery/Procedures/PACU,14.0,0.0,1.0
608307,Screw Cann 4x32mm Ln Thrd Ss,Each,Level 2 Surgery/Procedures/PACU,14.0,0.0,2.0
610229,Guidewire Sextant Blunt,Each,Level 2 Surgery/Procedures/PACU,14.0,0.0,2.0
610605,TRIDENT PSL HA CLUSTER 46MM,Each,Level 2 Surgery/Procedures/PACU,14.0,0.02,3.0
610606,TRIDENT PSL HA CLUSTER 48MM,Each,Level 2 Surgery/Procedures/PACU,14.0,0.0,2.0
610607,TRIDENT PSL HA CLUSTER 50MM,Each,Level 2 Surgery/Procedures/PACU,14.0,0.0,2.0
610747,Head Hip V40 COCR Low Friction Ion Treatment 26mm/+4,Each,Level 2 Surgery/Procedures/PACU,14.0,0.0,1.0
610811,Screw Bone Cancellous Recon 6.5 x 25mm,Each,Level 2 Surgery/Procedures/PACU,14.0,0.0,2.0
610811,Screw Bone Cancellous Recon 6.5 x 25mm,Each,Level 2 Surgery/Procedures/PACU,14.0,0.0,1.0
610812,Screw Bone Cancellous Recon 6.5 x 30mm,Each,Level 2 Surgery/Procedures/PACU,14.0,0.0,2.0
610812,Screw Bone Cancellous Recon 6.5 x 30mm,Each,Level 2 Surgery/Procedures/PACU,14.0,0.0,1.0
610813,Screw Bone Cancellous Recon 6.5 x 35mm,Each,Level 2 Surgery/Procedures/PACU,14.0,0.0,1.0
612611,CLIP ENDOSCOPIC SH,Each,Level 2 Surgery/Procedures/PACU,14.0,0.0,1.0
616913,Screw Cannulated Ortho Trauma 85 x 6.5mm,Each,Level 2 Surgery/Procedures/PACU,14.0,0.0,2.0
616914,Screw Cannulated Ortho Trauma 90 x 6.5mm,Each,Level 2 Surgery/Procedures/PACU,14.0,0.02,3.0
619356,"FEMORAL, KNEE TRIATHLON CR FEMUR CEMENTED #1 LEFT",Each,Level 2 Surgery/Procedures/PACU,14.0,0.0,2.0
619356,"FEMORAL, KNEE TRIATHLON CR FEMUR CEMENTED #1 LEFT",Each,Level 2 Surgery/Procedures/PACU,14.0,0.02,2.0
619357,"FEMORAL, KNEE TRIATHLON CR FEMUR CEMENTED #1 RIGHT",Each,Level 2 Surgery/Procedures/PACU,14.0,0.0,2.0
619358,"FEMORAL, KNEE TRIATHLON CR FEMUR CEMENTED #2 LEFT",Each,Level 2 Surgery/Procedures/PACU,14.0,0.0,3.0
619358,"FEMORAL, KNEE TRIATHLON CR FEMUR CEMENTED #2 LEFT",Each,Level 2 Surgery/Procedures/PACU,14.0,0.04,3.0
619359,"FEMORAL, KNEE TRIATHLON CR FEMUR CEMENTED #2 RIGHT",Each,Level 2 Surgery/Procedures/PACU,14.0,0.02,4.0
619359,"FEMORAL, KNEE TRIATHLON CR FEMUR CEMENTED #2 RIGHT",Each,Level 2 Surgery/Procedures/PACU,14.0,0.02,3.0
619361,"FEMORAL, KNEE TRIATHLON CR FEMUR CEMENTED #3 RIGHT",Each,Level 2 Surgery/Procedures/PACU,14.0,0.02,4.0
619361,"FEMORAL, KNEE TRIATHLON CR FEMUR CEMENTED #3 RIGHT",Each,Level 2 Surgery/Procedures/PACU,14.0,0.04,4.0
619364,"FEMORAL, KNEE TRIATHLON CR FEMUR CEMENTED #5 LEFT",Each,Level 2 Surgery/Procedures/PACU,14.0,0.04,5.0
619364,"FEMORAL, KNEE TRIATHLON CR FEMUR CEMENTED #5 LEFT",Each,Level 2 Surgery/Procedures/PACU,14.0,0.02,3.0
619365,"FEMORAL, KNEE TRIATHLON CR FEMUR CEMENTED #5 RIGHT",Each,Level 2 Surgery/Procedures/PACU,14.0,0.04,4.0
619365,"FEMORAL, KNEE TRIATHLON CR FEMUR CEMENTED #5 RIGHT",Each,Level 2 Surgery/Procedures/PACU,14.0,0.02,3.0
619366,"FEMORAL, KNEE TRIATHLON CR FEMUR CEMENTED #6 LEFT",Each,Level 2 Surgery/Procedures/PACU,14.0,0.02,3.0
619366,"FEMORAL, KNEE TRIATHLON CR FEMUR CEMENTED #6 LEFT",Each,Level 2 Surgery/Procedures/PACU,14.0,0.02,2.0
619367,"FEMORAL, KNEE TRIATHLON CR FEMUR CEMENTED #6 RIGHT",Each,Level 2 Surgery/Procedures/PACU,14.0,0.02,4.0
619367,"FEMORAL, KNEE TRIATHLON CR FEMUR CEMENTED #6 RIGHT",Each,Level 2 Surgery/Procedures/PACU,14.0,0.02,3.0
619368,"FEMORAL, KNEE TRIATHLON CR FEMUR CEMENTED #7 LEFT",Each,Level 2 Surgery/Procedures/PACU,14.0,0.02,2.0
619369,"FEMORAL, KNEE TRIATHLON CR FEMUR CEMENTED #7 RIGHT",Each,Level 2 Surgery/Procedures/PACU,14.0,0.0,1.0
619374,"FEMORAL, KNEE TRIATHLON PS FEMUR CEMENTED #2 LEFT",Each,Level 2 Surgery/Procedures/PACU,14.0,0.0,1.0
619375,"FEMORAL, KNEE TRIATHLON PS FEMUR CEMENTED #2 RIGHT",Each,Level 2 Surgery/Procedures/PACU,14.0,0.0,1.0
619377,"FEMORAL, KNEE TRIATHLON PS FEMUR CEMENTED #3 RIGHT",Each,Level 2 Surgery/Procedures/PACU,14.0,0.0,1.0
619378,"FEMORAL, KNEE TRIATHLON PS FEMUR CEMENTED #4 LEFT",Each,Level 2 Surgery/Procedures/PACU,14.0,0.0,1.0
619380,"FEMORAL, KNEE TRIATHLON PS FEMUR CEMENTED #5 LEFT",Each,Level 2 Surgery/Procedures/PACU,14.0,0.0,2.0
619381,"FEMORAL, KNEE TRIATHLON PS FEMUR CEMENTED #5 RIGHT",Each,Level 2 Surgery/Procedures/PACU,14.0,0.0,1.0
619383,"FEMORAL, KNEE TRIATHLON PS FEMUR CEMENTED #6 RIGHT",Each,Level 2 Surgery/Procedures/PACU,14.0,0.0,1.0
619392,"TIBIAL BASEPLATE CEMENTED KNEE TRIATHLON, SIZE #5",Each,Level 2 Surgery/Procedures/PACU,14.0,0.0,1.0
619393,"TIBIAL BASEPLATE CEMENTED KNEE TRIATHLON, SIZE #6",Each,Level 2 Surgery/Procedures/PACU,14.0,0.0,1.0
627902,Bipolar Universal Hip Replacement 28X44mm,Each,Level 2 Surgery/Procedures/PACU,14.0,0.0,1.0
627915,Bipolar Universal Hip Replacement 28X58mm,Each,Level 2 Surgery/Procedures/PACU,14.0,0.0,1.0
637957,Baseplate Cemented Knee Genesis II Tib Sz 5 Left,Each,Level 2 Surgery/Procedures/PACU,14.0,0.0,1.0
637958,Baseplate Cemented Knee Genesis II Tib Sz 6 Left,Each,Level 2 Surgery/Procedures/PACU,14.0,0.0,1.0
637963,Baseplate Cemented Knee Genesis II Tib Sz 3 Right,Each,Level 2 Surgery/Procedures/PACU,14.0,0.0,2.0
637967,Baseplate Cemented Knee Genesis II Non-Por Tib Sz 7 Right,Each,Level 2 Surgery/Procedures/PACU,14.0,0.0,1.0
638085,Patella Knee Genesis II Biconvex 23mm,Each,Level 2 Surgery/Procedures/PACU,14.0,0.0,2.0
638086,Patella Knee Genesis II Biconvex 26mm,Each,Level 2 Surgery/Procedures/PACU,14.0,0.0,1.0
638100,Patella Knee Genesis II Oval Resurfacing 38mm,Each,Level 2 Surgery/Procedures/PACU,14.0,0.0,1.0
638137,Femoral Knee Genesis II Spc Ps Oxinium Sz7 Rt,Each,Level 2 Surgery/Procedures/PACU,14.0,0.0,1.0
639359,Kit Tube Gastrostomy Feed Mic Tragastric Jejunal 45cmx16fr E,Each,Level 1 ED,14.0,0.0,2.0
639719,Pull Perc Endo Placement (Min/Mult 2 each) 24FRX150CM,Each,Level 2 Surgery/Procedures/PACU,14.0,0.0,2.0
641676,Stem Total Radial 8mm Diameter x 2mm,Each,Level 2 Surgery/Procedures/PACU,14.0,0.0,1.0
642610,Femoral Knee Cemented Genesis II Spc Cr Np Sz 5 Lt,Each,Level 2 Surgery/Procedures/PACU,14.0,0.0,1.0
642612,Femoral Knee Cemented Genesis II Spc Cr Np Sz 7 Lt,Each,Level 2 Surgery/Procedures/PACU,14.0,0.0,1.0
646019,Bit Drill Calibrated AO 4.2mm x 310mm,Each,Level 2 Surgery/Procedures/PACU,14.0,0.02,3.0
646019,Bit Drill Calibrated AO 4.2mm x 310mm,Each,Level 2 Surgery/Procedures/PACU,14.0,0.0,2.0
648245,Syringe Needle Luer Lok Sterile LF 5 CC 21 G X 1 INCH,Each,Level 2 Surgery/Procedures/PACU,19.0,13.46,1648.0
648246,Syringe Needle Luer Lok Sterile LF 10CC 21 G X 1 INCH,Each,Level 2 Surgery/Procedures/PACU,1.0,0.82,51.0
652607,Bit Drill Calibrated AO 3.2mm x 310mm,Each,Level 2 Surgery/Procedures/PACU,14.0,0.02,3.0
652607,Bit Drill Calibrated AO 3.2mm x 310mm,Each,Level 2 Surgery/Procedures/PACU,14.0,0.0,2.0
652608,Bit Drill Calibrated AO 4.3mm x 310mm,Each,Level 2 Surgery/Procedures/PACU,14.0,0.02,3.0
652608,Bit Drill Calibrated AO 4.3mm x 310mm,Each,Level 2 Surgery/Procedures/PACU,14.0,0.0,2.0
656554,Plate Elbow Variax Olecranon 4 Hole Right,Each,Level 2 Surgery/Procedures/PACU,14.0,0.0,1.0
657599,Guidewire Sensor Dual-Flex PTFE-Nitinol Straight 0.38in x 15,Each,Level 2 Surgery/Procedures/PACU,14.0,0.04,11.0
660157,Plate Foot Variax Distal Lateral Fibula 4 Hole,Each,Level 2 Surgery/Procedures/PACU,14.0,0.0,2.0
665298,Nutritional Shake Organic Vegan Liquid Sweet Vanilla Bean 11,Each,Level 3 Food Service,36.0,2.24,348.0
665298,Nutritional Shake Organic Vegan Liquid Sweet Vanilla Bean 11,Each,Level 3 Food Service,36.0,2.48,196.0
669396,Strip Steri Skin Closure Reinf Adhesive Sterile 0.125 x 3in,Each,Level 2 Surgery/Procedures/PACU,1.5,50.0,50.0
669396,Strip Steri Skin Closure Reinf Adhesive Sterile 0.125 x 3in,Each,Perpetual,1.5,0.0,0.0
671658,Wipe Sani-Cloth AF3 Germ Alcohol Free Disp 6 in x 6.75 in,Each,Level 7 ICU,0.5,0.04,2.0
673177,Tape Electrical 3/4-in x 20-ft,Each,Level 1 Facilities/Biomed_1232,14.0,0.28,69.0
673595,Wheelchair Standard  500 LB Capacity X-Wide 22Inch,Each,Level 1 ED,1.5,0.02,1.0
673595,Wheelchair Standard  500 LB Capacity X-Wide 22Inch,Each,Level 2 Surgery/Procedures/PACU,1.5,0.0,1.0
673595,Wheelchair Standard  500 LB Capacity X-Wide 22Inch,Each,Level 3 Admin,1.5,0.0,1.0
673595,Wheelchair Standard  500 LB Capacity X-Wide 22Inch,Each,"Level 5 Observation, Medical Tele & Non-Tele",1.5,0.0,1.0
677295,Specula Otoscope 2.75Mm Di,Each,Level 1 ED,1.0,0.18,7.0
677295,Specula Otoscope 2.75Mm Di,Each,Level 7 ICU,1.0,0.2,2.0
677296,Specula Otoscope 4.0Mm Dia,Each,Level 1 ED,1.0,0.24,7.0
677644,Test Kit Alere Influenza A&B Latex Free 24T,Each,Level 3 Central Lab,14.0,0.66,254.0
677737,Test BinaxNow Malaria Latex Free Alere 10 per pack,Each,Level 3 Central Lab,14.0,0.02,10.0
678189,"Insert CS Tibial Bearing Sz 7, 9mm",Each,Level 2 Surgery/Procedures/PACU,14.0,0.0,1.0
678363,Drill Bit Atlantis 11mm,Each,Level 2 Surgery/Procedures/PACU,14.0,0.04,5.0
678363,Drill Bit Atlantis 11mm,Each,Level 2 Surgery/Procedures/PACU,14.0,0.02,3.0
679646,Rod Solera Pre-Bent Cobalt 4.75x45mm,Each,Level 2 Surgery/Procedures/PACU,14.0,0.0,1.0
680141,Augment Tibial Tri RM/LL Sz3 5mm,Each,Level 2 Surgery/Procedures/PACU,14.0,0.0,1.0
682269,Rod Solera Pre-Bent Cobalt 4.75x50mm,Each,Level 2 Surgery/Procedures/PACU,14.0,0.0,2.0
682377,Rod Solera Pre-Bent Cobalt 4.75x70mm,Each,Level 2 Surgery/Procedures/PACU,14.0,0.0,2.0
682398,Plate Atlantis Vision Elite 35mm,Each,Level 2 Surgery/Procedures/PACU,14.0,0.0,1.0
682513,Head V40 Delta Biolox 32mm/+0,Each,Level 2 Surgery/Procedures/PACU,14.0,0.02,4.0
682513,Head V40 Delta Biolox 32mm/+0,Each,Level 2 Surgery/Procedures/PACU,14.0,0.02,2.0
682935,Augment Knee Tibial Tri LM/RL Sz4 5mm,Each,Level 2 Surgery/Procedures/PACU,14.0,0.0,1.0
683374,Cannula Inner 10mm Old Style,Each,"Level 5 Observation, Medical Tele & Non-Tele",0.0,10.0,10.0
683374,Cannula Inner 10mm Old Style,Each,Perpetual,0.0,0.0,85.0
688909,Rod Expedium Plus TI Prelordosed 100mm,Each,Level 2 Surgery/Procedures/PACU,14.0,0.0,1.0
689522,Femoral Knee Triathlon TS Femur Cemented Size 3 Left,Each,Level 2 Surgery/Procedures/PACU,14.0,0.0,1.0
689612,Screw Atlantis Self Drill Variable 4.0 x 15mm,Each,Level 2 Surgery/Procedures/PACU,14.0,0.08,15.0
689612,Screw Atlantis Self Drill Variable 4.0 x 15mm,Each,Level 2 Surgery/Procedures/PACU,14.0,0.02,5.0
690096,Augment Tibial Sz3 5mm,Each,Level 2 Surgery/Procedures/PACU,14.0,0.0,1.0
690264,Stem Accolade II 127 deg Sz 8,Each,Level 2 Surgery/Procedures/PACU,14.0,0.0,1.0
690489,Stem Accolade 132 degrees,Each,Level 2 Surgery/Procedures/PACU,14.0,0.0,2.0
690489,Stem Accolade 132 degrees,Each,Level 2 Surgery/Procedures/PACU,14.0,0.0,1.0
690763,Stem Accolade 132 degrees Sz 4,Each,Level 2 Surgery/Procedures/PACU,14.0,0.0,2.0
690763,Stem Accolade 132 degrees Sz 4,Each,Level 2 Surgery/Procedures/PACU,14.0,0.02,2.0
691479,Implant Breast Gel Sm Rd Md 210cc (10512-210MP) Sientra,Each,Level 2 Surgery/Procedures/PACU,14.0,0.0,2.0
691480,Implant Breast Gel Sm Rd Md 230cc (10512-230MP) Sientra,Each,Level 2 Surgery/Procedures/PACU,14.0,0.0,2.0
691483,Implant Breast Gel Sm Rd Md 300cc (10512-300MP) Sientra,Each,Level 2 Surgery/Procedures/PACU,14.0,0.0,2.0
691483,Implant Breast Gel Sm Rd Md 300cc (10512-300MP) Sientra,Each,Level 2 Surgery/Procedures/PACU,14.0,0.0,1.0
691485,Implant Breast Gel Sm Rd Md 350cc (10512-350MP) Sientra,Each,Level 2 Surgery/Procedures/PACU,14.0,0.0,2.0
691909,Stem Triathlon Cemented Recon12 x 100mm,Each,Level 2 Surgery/Procedures/PACU,14.0,0.0,1.0
691986,Rod VuePoint 60mm x 3.5mm,Each,Level 2 Surgery/Procedures/PACU,14.0,0.02,2.0
692264,Washer Titanium 13mm,Each,Level 2 Surgery/Procedures/PACU,14.0,0.0,1.0
692402,Guidewire Endoscopic Novagold .018in x 260cm,Each,Level 2 Surgery/Procedures/PACU,14.0,0.02,3.0
693399,Screw MAS Voyager 7.5 x 50mm,Each,Level 2 Surgery/Procedures/PACU,14.0,0.0,1.0
694582,Implant Spinal Rod Capped Latex Free 70mm,Each,Level 2 Surgery/Procedures/PACU,14.0,0.0,2.0
694616,Screw MAS Voyager 7.5 x 45mm,Each,Level 2 Surgery/Procedures/PACU,14.0,0.0,1.0
694653,Stem Accolade 132 degrees Sz 2,Each,Level 2 Surgery/Procedures/PACU,14.0,0.0,2.0
694654,Stem Accolade 132 degrees Sz 3,Each,Level 2 Surgery/Procedures/PACU,14.0,0.02,3.0
694654,Stem Accolade 132 degrees Sz 3,Each,Level 2 Surgery/Procedures/PACU,14.0,0.0,1.0
694655,Stem Accolade 132 degrees Sz 5,Each,Level 2 Surgery/Procedures/PACU,14.0,0.02,3.0
694655,Stem Accolade 132 degrees Sz 5,Each,Level 2 Surgery/Procedures/PACU,14.0,0.0,1.0
694656,Stem Accolade 132 degrees Sz 7,Each,Level 2 Surgery/Procedures/PACU,14.0,0.02,2.0
694656,Stem Accolade 132 degrees Sz 7,Each,Level 2 Surgery/Procedures/PACU,14.0,0.0,1.0
694657,Stem Accolade 132 degrees Sz 8,Each,Level 2 Surgery/Procedures/PACU,14.0,0.0,2.0
694658,Stem Accolade 132 degrees Sz 9,Each,Level 2 Surgery/Procedures/PACU,14.0,0.0,1.0
694659,Stem Accolade 127 degrees Sz 2,Each,Level 2 Surgery/Procedures/PACU,14.0,0.02,3.0
694659,Stem Accolade 127 degrees Sz 2,Each,Level 2 Surgery/Procedures/PACU,14.0,0.02,2.0
694660,Stem Accolade 127 degrees Sz 3,Each,Level 2 Surgery/Procedures/PACU,14.0,0.04,4.0
694660,Stem Accolade 127 degrees Sz 3,Each,Level 2 Surgery/Procedures/PACU,14.0,0.02,3.0
694732,Tube Suction W Cut Off Hole Clsd Tip Two Lat Open 1.5mm 20cm,Each,Level 2 Surgery/Procedures/PACU,14.0,0.0,1.0
694877,Guidewire Shoulder Long 0.062in x 7in,Each,Level 2 Surgery/Procedures/PACU,14.0,0.0,3.0
694877,Guidewire Shoulder Long 0.062in x 7in,Each,Level 2 Surgery/Procedures/PACU,14.0,0.0,1.0
694930,Triathlon Stabilized Baseplate Size 1,Each,Level 2 Surgery/Procedures/PACU,14.0,0.0,2.0
694930,Triathlon Stabilized Baseplate Size 1,Each,Level 2 Surgery/Procedures/PACU,14.0,0.02,2.0
694933,Triathlon Femoral Post Augment 5mm Size 5,Each,Level 2 Surgery/Procedures/PACU,14.0,0.0,1.0
694936,Cone Body Restoration 23mm +10,Each,Level 2 Surgery/Procedures/PACU,14.0,0.0,1.0
695142,Drill Bit Non-Cannulated 4mm,Each,Level 2 Surgery/Procedures/PACU,14.0,0.0,1.0
695169,Povidone Iodine 10 Percent Ointment 1oz,Each,Level 1 Imaging,14.0,0.04,13.0
695994,Reline MAS Screw Polyaxial 6.5 x 45mm,Each,Level 2 Surgery/Procedures/PACU,14.0,0.02,4.0
695994,Reline MAS Screw Polyaxial 6.5 x 45mm,Each,Level 2 Surgery/Procedures/PACU,14.0,0.02,3.0
695994,Reline MAS Screw Polyaxial 6.5 x 45mm,Each,Level 2 Surgery/Procedures/PACU,14.0,0.02,4.0
695994,Reline MAS Screw Polyaxial 6.5 x 45mm,Each,Level 2 Surgery/Procedures/PACU,14.0,0.02,3.0
696116,Cone Body Restoration 21mm +0 Std,Each,Level 2 Surgery/Procedures/PACU,14.0,0.0,1.0
696283,Screw Reline MAS Polyaxial 6.5 x 55mm,Each,Level 2 Surgery/Procedures/PACU,14.0,0.0,1.0
696405,Screw VA Locking Self Tapping T6 StarDrive Recess 2.0 x 13mm,Each,Level 2 Surgery/Procedures/PACU,14.0,0.02,3.0
696762,Cup Acetabular Pinnacle 100 Gription 48mm,Each,Level 2 Surgery/Procedures/PACU,14.0,0.0,3.0
696762,Cup Acetabular Pinnacle 100 Gription 48mm,Each,Level 2 Surgery/Procedures/PACU,14.0,0.0,1.0
696764,Cup Acetabular Pinnacle 100 Gription 52mm,Each,Level 2 Surgery/Procedures/PACU,14.0,0.0,3.0
696764,Cup Acetabular Pinnacle 100 Gription 52mm,Each,Level 2 Surgery/Procedures/PACU,14.0,0.0,2.0
696765,Cup Acetabular Pinnacle 100 Gription 54mm,Each,Level 2 Surgery/Procedures/PACU,14.0,0.02,3.0
696765,Cup Acetabular Pinnacle 100 Gription 54mm,Each,Level 2 Surgery/Procedures/PACU,14.0,0.0,2.0
696790,Screw Exp Verse Ti 6.0 x 35mm,Each,Level 2 Surgery/Procedures/PACU,14.0,0.0,2.0
696806,Remington S-101-97-12 Cable 12in,Each,Level 2 Surgery/Procedures/PACU,14.0,0.0,1.0
696896,Fracture Plate 6 Holes 1.5mm,Each,Level 2 Surgery/Procedures/PACU,14.0,0.0,1.0
696962,Stopcock 3Way Hndl OFF Position Rotating Adpt 45 PSI,Each,Level 7 ICU,1.5,0.22,8.0
696967,Cuff BP Med Adult 1 Tube Vinyl,Each,Level 1 ED,1.0,0.88,73.0
696967,Cuff BP Med Adult 1 Tube Vinyl,Each,"Level 5 Observation, Medical Tele & Non-Tele",1.0,0.44,37.0
696967,Cuff BP Med Adult 1 Tube Vinyl,Each,Level 7 ICU,1.0,0.44,37.0
697158,Sheath Navigator HD 13-15fr x 46cm,Each,Level 2 Surgery/Procedures/PACU,14.0,0.0,1.0
697297,Tab Extender SS,Each,Level 2 Surgery/Procedures/PACU,14.0,0.04,9.0
697490,Cup Acetabular Pinnacle 100 Gription 56mm,Each,Level 2 Surgery/Procedures/PACU,14.0,0.0,2.0
697490,Cup Acetabular Pinnacle 100 Gription 56mm,Each,Level 2 Surgery/Procedures/PACU,14.0,0.0,1.0
697621,Plate CMF SmartLock HMMF,Each,Level 2 Surgery/Procedures/PACU,14.0,0.0,2.0
697997,Rod Curved Titanium 6.0mm x 120mm,Each,Level 2 Surgery/Procedures/PACU,14.0,0.0,2.0
698493,Forcep Surg Bonney 1x2 Tth 7.125in,Each,Level 3 Sterile Processing_3307_3309,14.0,0.0,2.0
700585,Femoral Triathlon Recon Post Augment Size3 5mm,Each,Level 2 Surgery/Procedures/PACU,14.0,0.0,2.0
702366,Screw Locking AxSOS 3 Titanium 4.0mm x 34mm,Each,Level 2 Surgery/Procedures/PACU,14.0,0.0,2.0
702366,Screw Locking AxSOS 3 Titanium 4.0mm x 34mm,Each,Level 2 Surgery/Procedures/PACU,14.0,0.0,2.0
702367,Screw Locking AxSOS 3 Titanium 4.0mm x 36mm,Each,Level 2 Surgery/Procedures/PACU,14.0,0.0,2.0
702367,Screw Locking AxSOS 3 Titanium 4.0mm x 36mm,Each,Level 2 Surgery/Procedures/PACU,14.0,0.0,2.0
702367,Screw Locking AxSOS 3 Titanium 4.0mm x 36mm,Each,Level 2 Surgery/Procedures/PACU,14.0,0.0,1.0
702367,Screw Locking AxSOS 3 Titanium 4.0mm x 36mm,Each,Level 2 Surgery/Procedures/PACU,14.0,0.0,1.0
702370,Screw Locking AxSOS 3 Titanium 4.0mm x 42mm,Each,Level 2 Surgery/Procedures/PACU,14.0,0.0,2.0
702378,Screw Locking AxSOS 3 Titanium 4.0mm x 70mm,Each,Level 2 Surgery/Procedures/PACU,14.0,0.0,4.0
702378,Screw Locking AxSOS 3 Titanium 4.0mm x 70mm,Each,Level 2 Surgery/Procedures/PACU,14.0,0.0,4.0
702378,Screw Locking AxSOS 3 Titanium 4.0mm x 70mm,Each,Level 2 Surgery/Procedures/PACU,14.0,0.0,1.0
702378,Screw Locking AxSOS 3 Titanium 4.0mm x 70mm,Each,Level 2 Surgery/Procedures/PACU,14.0,0.0,1.0
702379,Screw Locking AxSOS 3 Titanium 4.0mm x 75mm,Each,Level 2 Surgery/Procedures/PACU,14.0,0.0,3.0
702379,Screw Locking AxSOS 3 Titanium 4.0mm x 75mm,Each,Level 2 Surgery/Procedures/PACU,14.0,0.0,2.0
702394,Screw Locking AxSOS 3 Titanium 5.0mm x 34mm,Each,Level 2 Surgery/Procedures/PACU,14.0,0.02,5.0
702394,Screw Locking AxSOS 3 Titanium 5.0mm x 34mm,Each,Level 2 Surgery/Procedures/PACU,14.0,0.02,5.0
702394,Screw Locking AxSOS 3 Titanium 5.0mm x 34mm,Each,Level 2 Surgery/Procedures/PACU,14.0,0.0,2.0
702394,Screw Locking AxSOS 3 Titanium 5.0mm x 34mm,Each,Level 2 Surgery/Procedures/PACU,14.0,0.0,2.0
702395,Screw Locking AxSOS 3 Titanium 5.0mm x 36mm,Each,Level 2 Surgery/Procedures/PACU,14.0,0.02,3.0
702395,Screw Locking AxSOS 3 Titanium 5.0mm x 36mm,Each,Level 2 Surgery/Procedures/PACU,14.0,0.02,3.0
702395,Screw Locking AxSOS 3 Titanium 5.0mm x 36mm,Each,Level 2 Surgery/Procedures/PACU,14.0,0.0,2.0
702395,Screw Locking AxSOS 3 Titanium 5.0mm x 36mm,Each,Level 2 Surgery/Procedures/PACU,14.0,0.0,2.0
702396,Screw Locking AxSOS 3 Titanium 5.0mm x 38mm,Each,Level 2 Surgery/Procedures/PACU,14.0,0.0,1.0
702405,Screw Locking AxSOS 3 Titanium 5.0mm x 65mm,Each,Level 2 Surgery/Procedures/PACU,14.0,0.0,2.0
702406,Screw Locking AxSOS 3 Titanium 5.0mm x 70mm,Each,Level 2 Surgery/Procedures/PACU,14.0,0.0,3.0
704043,Plate Locking Third Tubular SS 5H,Each,Level 2 Surgery/Procedures/PACU,14.0,0.0,1.0
704044,Plate Locking Third Tubular SS 6H,Each,Level 2 Surgery/Procedures/PACU,14.0,0.0,2.0
704044,Plate Locking Third Tubular SS 6H,Each,Level 2 Surgery/Procedures/PACU,14.0,0.0,1.0
704896,Implant Breast HSC Plus Gel Smooth Round Moderate Plus 235cc,Each,Level 2 Surgery/Procedures/PACU,14.0,0.0,2.0
704897,Implant Breast HSC Plus Gel Smooth Round Moderate Plus 255cc,Each,Level 2 Surgery/Procedures/PACU,14.0,0.0,2.0
705663,Screw Variax 2 Locking 3.5mm x 50mm,Each,Level 2 Surgery/Procedures/PACU,14.0,0.0,1.0
705725,Screw Variax 2 Non-Locking 2.7mm x 60mm,Each,Level 2 Surgery/Procedures/PACU,14.0,0.0,1.0
706425,Harmonic Shears With Adv Hemostasis 5mm x 45cm,Each,Level 2 Surgery/Procedures/PACU,14.0,0.02,5.0
707273,Basket Ureteral Zero Tip 4w 2.4fr 120cm 12mm,Each,Level 2 Surgery/Procedures/PACU,14.0,0.0,3.0
707363,Screw Spinal Lateral Lumbar Stand Alone 5mm x 25mm,Each,Level 2 Surgery/Procedures/PACU,14.0,0.0,2.0
707396,Profile Plate 2mm 44mm Latex Free 8 Holes,Each,Level 2 Surgery/Procedures/PACU,14.0,0.0,1.0
707405,Plate Lock Broad 2mm L41mm Latex Free 6 Holes,Each,Level 2 Surgery/Procedures/PACU,14.0,0.0,1.0
707405,Plate Lock Broad 2mm L41mm Latex Free 6 Holes,Each,Level 2 Surgery/Procedures/PACU,14.0,0.0,1.0
707580,Screw Locking T6 Latex Free 2.0mm x 6mm,Each,Level 2 Surgery/Procedures/PACU,14.0,0.02,4.0
707604,Implant Screw Bone T6 Latex Free 2mm x 7mm,Each,Level 2 Surgery/Procedures/PACU,14.0,0.0,4.0
707863,Nail Femor T2 Retr Sterile Long 10mm x 360mm,Each,Level 2 Surgery/Procedures/PACU,14.0,0.0,1.0
707894,Nail Femor T2 Retr Sterile Long 12mm x 340mm,Each,Level 2 Surgery/Procedures/PACU,14.0,0.0,1.0
707950,Nail Tibial T2 Alpha Sterile9mm x 285mm,Each,Level 2 Surgery/Procedures/PACU,14.0,0.0,1.0
708464,Screw Cortical Hex 3.2 x 12mm,Each,Level 2 Surgery/Procedures/PACU,14.0,0.0,3.0
708470,Tube Endo Tenax Laser Resist Stylet 34cm ID6.5mm OD10mm,Each,Level 2 Surgery/Procedures/PACU,14.0,0.02,3.0
708471,Tube Endo Tenax Laser Resist Stylet 34cm ID7.0mm OD10.6mm,Each,Level 2 Surgery/Procedures/PACU,14.0,0.02,3.0
714790,Kit Collection SWAB Genexpertobgyn STR 50 Tests,Box,Level 3 Central Lab,14.0,0.0,2.0
714803,"Diagnostics, 11 Panels, Medtox Profile-V",Pack,Level 3 Central Lab,14.0,0.34,38.0
714804,Control Negative Medtox,Each,Level 3 Central Lab,14.0,0.04,11.0
714805,Control Positive Profile-V Medtoxscan,Each,Level 3 Central Lab,14.0,0.04,11.0
714915,"Cup, Ppr Hot 10 oz, Kraft Ripple",Case,"Level 6 Telemetry, Cardiac & Stroke",14.0,0.0,1.0
715010,Remover Urine Odor 32oz,Case,Level 1 EVS_1321,14.0,0.04,7.0
715010,Remover Urine Odor 32oz,Case,Level 1 EVS_1321,14.0,0.04,6.0
715021,Cuff Blood Pressure Adult Reusable MRI Safe,Each,Level 7 ICU,14.0,0.0,2.0
715024,Sheath SAVI Guide Sterile,Box,Level 2 Surgery/Procedures/PACU,14.0,0.0,2.0
715042,Demineralized Bone Matrix - DBM MagnifuseÂ 1.75 x 5cm,Each,Level 2 Surgery/Procedures/PACU,14.0,0.0,1.0
715178,Marker Soft Tissue And Delivery System Pink 5cm,Box,Level 1 Imaging,14.0,0.0,1.0
715179,Marker Soft Tissue And Delivery System Pink 7.5cm,Box,Level 1 Imaging,14.0,0.0,1.0
715183,Marker Soft Tissue And Delivery System Green 10cm,Box,Level 1 Imaging,14.0,0.0,1.0
723095,Screw Adv Locking Imn Nailing Screws Sterile 5mm x 32.5mm,Each,Level 2 Surgery/Procedures/PACU,14.0,0.0,1.0
723099,Screw Adv Locking Imn Nailing Screws Sterile 5mm x 42.5mm,Each,Level 2 Surgery/Procedures/PACU,14.0,0.0,1.0
723819,Nail G4 Lt Long Sterile D10 x 420mm 125 Deg,Each,Level 2 Surgery/Procedures/PACU,14.0,0.0,1.0
723828,Nail G4 Lt Long Sterile D11 x 340mm 125 Deg,Each,Level 2 Surgery/Procedures/PACU,14.0,0.0,1.0
801034,Kit Biopsy Max-Core 20Gx10Cm Ndl,Each,Level 1 Imaging,14.0,0.02,3.0
801046,Diltr Vessel Telfon .038 Wire 20Cm 10.0,Each,Level 1 Imaging,14.0,0.0,1.0
801145,Bandage Coban 2In X 5Yd Tan Ltx,Each,Level 1 Imaging,1.0,0.3,16.0
801145,Bandage Coban 2In X 5Yd Tan Ltx,Each,Level 2 Surgery/Procedures/PACU,1.0,0.4,17.0
801163,Cath IV Angio 18Ga Safety,Each,Level 2 Surgery/Procedures/PACU,14.0,0.04,18.0
801349,Tourniquet Latex 1In X 18In Disp,Each,Level 1 ED,1.5,10.44,492.0
801349,Tourniquet Latex 1In X 18In Disp,Each,Level 1 Imaging,1.5,0.54,68.0
801349,Tourniquet Latex 1In X 18In Disp,Each,Level 1 Imaging,1.5,0.54,48.0
801349,Tourniquet Latex 1In X 18In Disp,Each,Level 3 Central Lab,1.5,12.08,1874.0
801386,Film Dryview Dvb Plus Ce Blue Based 35 X 4,Each,Level 1 Imaging,6.0,0.1,4.0
801414,Splint Finger Prong Sm,Each,Level 1 ED,14.0,0.04,9.0
801415,Splint Finger Prong Med,Each,Level 1 ED,2.0,0.14,9.0
801415,Splint Finger Prong Med,Each,Level 1 ED,2.0,0.14,9.0
801427,Scalpel Sz 11 Disp,Each,Level 1 ED,1.5,2.04,39.0
801427,Scalpel Sz 11 Disp,Each,Level 1 Imaging,1.5,0.02,4.0
801427,Scalpel Sz 11 Disp,Each,"Level 5 Observation, Medical Tele & Non-Tele",1.5,0.02,3.0
801734,Spoon Plastic White Heavy Weight Ind Wrapped,Each,Level 3 Food Service,1.5,115.38,2361.0
801734,Spoon Plastic White Heavy Weight Ind Wrapped,Each,"Level 5 Observation, Medical Tele & Non-Tele",1.5,2.74,314.0
801734,Spoon Plastic White Heavy Weight Ind Wrapped,Each,"Level 5 Observation, Medical Tele & Non-Tele",1.5,115.38,224.0
801734,Spoon Plastic White Heavy Weight Ind Wrapped,Each,"Level 6 Telemetry, Cardiac & Stroke",1.5,115.38,224.0
802635,Container Specimen Lab 8Oz,Each,Level 3 Central Lab,14.0,0.0,2.0
802659,Syringe Toomey Irrigation 70Cc,Each,Level 2 Surgery/Procedures/PACU,14.0,0.02,9.0
00235,Pad Alcohol Med Iso 70% Strl,Each,Level 2 Pharm,0.34,309.0,309.0
668232,Surface Mat 60 Layers 18 X 36in White,Each,Level 2 Pharm,14.0,0.0,1.0
802765,Capnoline O2 Adlt Lng,Each,Level 2 Surgery/Procedures/PACU,14.0,0.06,22.0
803016,Cable Medtrn,Each,Level 2 Surgery/Procedures/PACU,14.0,0.0,1.0
803027,Plate Atlantis Vision Elite L1 Medtrn 800,Each,Level 2 Surgery/Procedures/PACU,14.0,0.0,4.0
803039,Screw Zero Medtrn,Each,Level 2 Surgery/Procedures/PACU,14.0,0.02,4.0
803039,Screw Zero Medtrn,Each,Level 2 Surgery/Procedures/PACU,14.0,0.02,2.0
803041,Tissue Cornerstone Medtrn,Each,Level 2 Surgery/Procedures/PACU,14.0,0.0,1.0
803049,Thunderbeat Front Control 35Cm,Each,Level 2 Surgery/Procedures/PACU,14.0,0.04,9.0
803062,Knee Total Tib-Fib-Pat-Ins S And N,Each,Level 2 Surgery/Procedures/PACU,14.0,0.0,2.0
803062,Knee Total Tib-Fib-Pat-Ins S And N,Each,Level 2 Surgery/Procedures/PACU,14.0,0.0,1.0
803064,Pad Perineal S And N,Each,Level 2 Surgery/Procedures/PACU,14.0,0.0,1.0
803067,Blade 4.5 S And N,Each,Level 2 Surgery/Procedures/PACU,14.0,0.02,5.0
803067,Blade 4.5 S And N,Each,Level 2 Surgery/Procedures/PACU,14.0,0.0,2.0
803138,Resuscitator Manual Adlt Confrm Msk Adj,Each,Level 1 ED,14.0,0.04,13.0
803507,LegWrap Knee Sterile Mako Consumables,Each,Level 2 Surgery/Procedures/PACU,14.0,0.4,26.0
803529,Implant Baseplate Knee Mako Robotic Cemented LM-RL Size 5,Each,Level 2 Surgery/Procedures/PACU,14.0,0.02,2.0
803530,Implant Baseplate Knee Mako Robotic Cemented RM-LL Size 4,Each,Level 2 Surgery/Procedures/PACU,14.0,0.0,2.0
803549,Implant Femur Knee Mako Robotic Cemented LM-RL Size 4,Each,Level 2 Surgery/Procedures/PACU,14.0,0.0,1.0
803556,Implant Head Hip Delta V40 Biolox Ceramic 36mm +7.5,Each,Level 2 Surgery/Procedures/PACU,14.0,0.02,3.0
803556,Implant Head Hip Delta V40 Biolox Ceramic 36mm +7.5,Each,Level 2 Surgery/Procedures/PACU,14.0,0.04,3.0
803573,Implant Baseplate Tibia Knee Stabilized Trident Size 6,Each,Level 2 Surgery/Procedures/PACU,14.0,0.08,8.0
803573,Implant Baseplate Tibia Knee Stabilized Trident Size 6,Each,Level 2 Surgery/Procedures/PACU,14.0,0.04,4.0
803852,Catheter Follower Phillips Woven  16fr,Each,Perpetual,0.0,0.0,9.0
803879,BatteryAlklnDuracellProCell7YearShelfLife1.5VoltSize DBxof12,Each,"Level 5 Observation, Medical Tele & Non-Tele",3.5,0.04,9.0
803879,BatteryAlklnDuracellProCell7YearShelfLife1.5VoltSize DBxof12,Each,"Level 6 Telemetry, Cardiac & Stroke",3.5,0.76,83.0
803879,BatteryAlklnDuracellProCell7YearShelfLife1.5VoltSize DBxof12,Each,Perpetual,3.5,0.32,27.0
803883,TapeFoamHypoallergenicMicrofoamElasticLatex Free 1in x 5.5yd,Each,Perpetual,1.0,0.0,58.0
803884,Needle Port-A-Cath Plastic Hub 19G x 1in,Each,Level 1 ED,0.0,12.0,12.0
803884,Needle Port-A-Cath Plastic Hub 19G x 1in,Each,Perpetual,0.0,0.0,5.5
30101,Glove Surg Protexis PI 7.5 PF LF Sterile,Each,Level 2 Pharm,0.5,2.2,43.0
803912,Mask Respirator-N95 Regular,Each,Level 1 ED,1.0,20.0,20.0
803912,Mask Respirator-N95 Regular,Each,"Level 5 Observation, Medical Tele & Non-Tele",1.0,73.0,98.0
803912,Mask Respirator-N95 Regular,Each,"Level 6 Telemetry, Cardiac & Stroke",1.0,73.0,73.0
803912,Mask Respirator-N95 Regular,Each,Level 7 ICU,1.0,33.0,45.0
803912,Mask Respirator-N95 Regular,Each,Perpetual,1.0,6.0,133.0
803914,Mask Respirator N95-Small,Each,"Level 5 Observation, Medical Tele & Non-Tele",1.5,52.0,89.0
803914,Mask Respirator N95-Small,Each,"Level 6 Telemetry, Cardiac & Stroke",1.5,27.0,27.0
803914,Mask Respirator N95-Small,Each,Level 7 ICU,1.5,39.0,63.0
803914,Mask Respirator N95-Small,Each,Perpetual,1.5,5.0,162.0
803918,Kit Cath Suction 6Fr With Glove,Each,Perpetual,0.0,0.0,12.0
803951,Syringe 3cc With 22Gx1.5in Safety Ndl,Each,Level 2 Surgery/Procedures/PACU,1.0,50.0,50.0
803951,Syringe 3cc With 22Gx1.5in Safety Ndl,Each,Level 2 Surgery/Procedures/PACU,1.0,50.0,50.0
803951,Syringe 3cc With 22Gx1.5in Safety Ndl,Each,"Level 5 Observation, Medical Tele & Non-Tele",1.0,58.0,80.0
803951,Syringe 3cc With 22Gx1.5in Safety Ndl,Each,"Level 5 Observation, Medical Tele & Non-Tele",1.0,58.0,80.0
803951,Syringe 3cc With 22Gx1.5in Safety Ndl,Each,"Level 6 Telemetry, Cardiac & Stroke",1.0,53.0,53.0
803951,Syringe 3cc With 22Gx1.5in Safety Ndl,Each,"Level 6 Telemetry, Cardiac & Stroke",1.0,53.0,53.0
803951,Syringe 3cc With 22Gx1.5in Safety Ndl,Each,Level 7 ICU,1.0,140.0,187.0
803951,Syringe 3cc With 22Gx1.5in Safety Ndl,Each,Level 7 ICU,1.0,140.0,187.0
803951,Syringe 3cc With 22Gx1.5in Safety Ndl,Each,Perpetual,1.0,21.0,69.0
803951,Syringe 3cc With 22Gx1.5in Safety Ndl,Each,Perpetual,1.0,21.0,69.0
803956,Needle Blood Colect With Luer Adptr 23G X 0.750,Each,Level 1 ED,1.5,50.0,50.0
803956,Needle Blood Colect With Luer Adptr 23G X 0.750,Each,Level 2 Surgery/Procedures/PACU,1.5,50.0,50.0
803956,Needle Blood Colect With Luer Adptr 23G X 0.750,Each,Level 3 Central Lab,1.5,1356.0,1438.0
803956,Needle Blood Colect With Luer Adptr 23G X 0.750,Each,Perpetual,1.5,42.0,86.0
803957,Needle Blood Collect 21G X 0.750In 12In,Each,Level 1 ED,1.5,53.0,56.0
803957,Needle Blood Collect 21G X 0.750In 12In,Each,Level 3 Central Lab,1.5,600.0,618.0
803957,Needle Blood Collect 21G X 0.750In 12In,Each,Perpetual,1.5,16.0,68.0
804011,Support Lumbar-Sacrl Med 30-36,Each,Perpetual,0.0,0.0,1.0
804058,Tray Laceration Custom Strl,Each,Level 1 ED,6.0,26.0,60.0
804058,Tray Laceration Custom Strl,Each,Level 1 Imaging,6.0,5.0,5.0
804058,Tray Laceration Custom Strl,Each,Perpetual,6.0,4.0,44.0
804078,Lancet Safe-T-Stix Disp,Each,Level 1 ED,1.0,200.0,200.0
804078,Lancet Safe-T-Stix Disp,Each,"Level 5 Observation, Medical Tele & Non-Tele",1.0,336.0,571.0
804078,Lancet Safe-T-Stix Disp,Each,"Level 6 Telemetry, Cardiac & Stroke",1.0,379.0,463.0
804078,Lancet Safe-T-Stix Disp,Each,Level 7 ICU,1.0,288.0,366.0
804078,Lancet Safe-T-Stix Disp,Each,Perpetual,1.0,98.0,446.0
804093,Dressing Telfa Island Sponge 4X5,Each,Level 2 Surgery/Procedures/PACU,2.5,19.0,39.0
804093,Dressing Telfa Island Sponge 4X5,Each,"Level 5 Observation, Medical Tele & Non-Tele",2.5,19.0,46.0
804093,Dressing Telfa Island Sponge 4X5,Each,"Level 6 Telemetry, Cardiac & Stroke",2.5,11.0,14.0
804093,Dressing Telfa Island Sponge 4X5,Each,Level 7 ICU,2.5,8.0,8.0
804093,Dressing Telfa Island Sponge 4X5,Each,Perpetual,2.5,3.0,66.0
804094,Dressing Telfa Island Sponge 4X8,Each,Level 2 Surgery/Procedures/PACU,11.0,225.0,293.0
804094,Dressing Telfa Island Sponge 4X8,Each,"Level 5 Observation, Medical Tele & Non-Tele",11.0,29.0,128.0
804094,Dressing Telfa Island Sponge 4X8,Each,Perpetual,11.0,2.0,61.0
804119,"0.9% Sodium Chloride Irrigation, USP Bottle",Each,Level 1 ED,0.5,1.74,20.0
804119,"0.9% Sodium Chloride Irrigation, USP Bottle",Each,Perpetual,0.5,0.42,15.0
